<?xml version="1.0" encoding="UTF-8" ?>
<!DOCTYPE root SYSTEM "../dtd/config.dtd">

<root>
	<user name="Acme Corp." country="Hu" language="hu" place="Anywhere" address=" " tel=" " sim="-" modemTel="-" email=" ">
	     <contact name="XXX" tel="555-55555"/>
	     <contact name="YYY" tel="555-55556"/>
	     <contact name="muszak" tel="555-55557"/>
	</user>
	
	<support lan="true" email="q@q.q" tel="555-44444"/>
		
	<configuration>
		<pages>
		  <page name="Liszt"/>
			<page name="Korpa"/>
		</pages>
	
		<specials>
			<!-- slider-group index="0" slider-counts="2" x-coord="200" y-coord="900"  width="280" 
						  height="120" page="0" orientation="horizontal" format="%2d"/> -->
			<slider-group index="0" slider-counts="2" x-coord="200" y-coord="50"  width="280" 
						  height="120" page="0" orientation="horizontal" format="%2d"/>
						  
						  
			<!-- slider-group index="1" slider-counts="2" x-coord="1050" y-coord="900" width="280" 
						  height="120" page="0" orientation="horizontal" format="%2d"/> -->
			<slider-group index="1" slider-counts="2" x-coord="1050" y-coord="50" width="280" 
						  height="120" page="0" orientation="horizontal" format="%2d"/>
		</specials>
		
	    <global writeBase="0" readBase="400"/>
			
	    <devices writeBase ="11" readBase="411">

			<silo name="s1" plcIndex="0"  page="0"  default-product="bl80" target-confirm="true"
				product-admin="true" product-label-x="153" product-label-y="450"
				tag-x="153" tag-y="460">
				<img name="s1" img-x="153" img-y="565"/>
				<level checking="none" />		
			</silo>	            
			   
			<silo name="s2" plcIndex="1"  page="0"  target-confirm="true"
				product-admin="true" product-label-x="210" product-label-y="450"
				tag-x="210" tag-y="460">
				<img name="s2" img-x="210" img-y="565"/>
				<level checking="none" />		
			</silo>	            
	    
			<silo name="s3" plcIndex="2"  page="0"  target-confirm="true" 
				product-admin="true" product-label-x="251" product-label-y="450"
				tag-x="251" tag-y="460">
				<img name="s3" img-x="251" img-y="565"/>
				<level checking="none" />		
			</silo>	            
	    
			<silo name="s4" plcIndex="3"  page="0" target-confirm="true"
				product-admin="true" product-label-x="291" product-label-y="450"
				tag-x="291" tag-y="460">
				<img name="s4" img-x="291" img-y="565"/>
				<level checking="none" />		
			</silo>	            
	    
			<silo name="s5" plcIndex="4"  page="0" target-confirm="true"
				product-admin="true" product-label-x="331" product-label-y="450"
				tag-x="331" tag-y="460">
				<img name="s5" img-x="331" img-y="565"/>
				<level checking="none" />		
			</silo>	            
	    
			<silo name="s6" plcIndex="5"  page="0" target-confirm="true"
				product-admin="true" product-label-x="371" product-label-y="450"
				tag-x="371" tag-y="460">
				<img name="s6" img-x="371" img-y="565"/>
				<level checking="none" />		
			</silo>	            
	    
			<silo name="s7" plcIndex="6"  page="0" target-confirm="true"
				product-admin="true" product-label-x="411" product-label-y="450"
				tag-x="411" tag-y="460">
				<img name="s7" img-x="411" img-y="565"/>
				<level checking="none" />		
			</silo>	            
	    
			<silo name="s8" plcIndex="7"  page="0" target-confirm="true"
				product-admin="true" product-label-x="1024" product-label-y="450"
				tag-x="1024" tag-y="460">
				<img name="s8" img-x="1024" img-y="535"/>
				<level checking="none" />		
			</silo>	            
	    
			<silo name="s9" plcIndex="8"  page="0" target-confirm="true"
				product-admin="true" product-label-x="1065" product-label-y="450"
				tag-x="1065" tag-y="460">
				<img name="s9" img-x="1065" img-y="586"/>
				<level checking="none" />		
			</silo>	            
	    
			<silo name="s10" plcIndex="9"  page="0" target-confirm="true"
				product-admin="true" product-label-x="1104" product-label-y="450"
				tag-x="1104" tag-y="460">
				<img name="s10" img-x="1104" img-y="586"/>
				<level checking="none" />		
			</silo>	            
	    
			<silo name="s11" plcIndex="10"  page="0" target-confirm="true"
				product-admin="true" product-label-x="1144" product-label-y="450"
				tag-x="1144" tag-y="460">
				<img name="s11" img-x="1144" img-y="586"/>
				<level checking="none" />		
			</silo>	            
	    
			<silo name="s12" plcIndex="11"  page="0" target-confirm="true"
				product-admin="true" product-label-x="1184" product-label-y="450"
				tag-x="1184" tag-y="460">
				<img name="s12" img-x="1184" img-y="586"/>
				<level checking="none" />		
			</silo>	            
	    
			<silo name="s13" plcIndex="12"  page="0" target-confirm="true"
				product-admin="true" product-label-x="1224" product-label-y="450"
				tag-x="1224" tag-y="460">
				<img name="s13" img-x="1224" img-y="586"/>
				<level checking="none" />		
			</silo>	            
	    
			<silo name="s14" plcIndex="13"  page="0" target-confirm="true"
				product-admin="true" product-label-x="1274" product-label-y="450"
				tag-x="1274" tag-y="460">
				<img name="s14" img-x="1274" img-y="586"/>
				<level checking="none" />		
			</silo>	            
	    
			<silo name="s15" plcIndex="14"  page="1" 
				product-admin="true" product-label-x="135" product-label-y="450"
				tag-x="135" tag-y="460">
				<img name="s15" img-x="141" img-y="570"/>
				<level checking="none" />		
			</silo>	            
	    	    
			<silo name="s17" plcIndex="16"  page="1" 
				product-admin="true" product-label-x="251" product-label-y="500"
				tag-x="251" tag-y="510">
				<img name="s17" img-x="251" img-y="548"/>
				<level checking="none" />		
			</silo>	            
			    			    
			<silo name="s19" plcIndex="18"  page="1"
				product-admin="true" product-label-x="331" product-label-y="500"
				tag-x="331" tag-y="510">
				<img name="s19" img-x="331" img-y="548"/>
				<level checking="none" />		
			</silo>	            
			    
			<silo name="s20" plcIndex="19"  page="1"
				product-admin="true" product-label-x="371" product-label-y="500"
				tag-x="371" tag-y="510">
				<img name="s20" img-x="371" img-y="548"/>
				<level checking="none" />		
			</silo>	            

			<offsetCorrector name="oc1" plcIndex="15"  page="0" receiveCorrection="3" transmitCorrection="3"/>
			<offsetCorrector name="s18" plcIndex="17"  page="0" receiveCorrection="3" transmitCorrection="3"/>
			<offsetCorrector name="s21" plcIndex="20"  page="0" receiveCorrection="3" transmitCorrection="3"/>
			<offsetCorrector name="46" plcIndex="46"  page="0" receiveCorrection="4" transmitCorrection="4"/>
			<offsetCorrector name="18" plcIndex="48"  page="0" receiveCorrection="4" transmitCorrection="4"/>
			<offsetCorrector name="33a" plcIndex="64"  page="0" receiveCorrection="1" transmitCorrection="1"/>
			<offsetCorrector name="29.1" plcIndex="77"  page="0" receiveCorrection="3" transmitCorrection="3"/>

			<targetSilo name="s22" plcIndex="21"  page="0" permeability="0.7">
				<img name="s22" img-x="746" img-y="486"/>
				<level checking="switching" full-is-off-task="false" test = "4">
					<full name="tr_level" img-x="840" img-y="475" maxthresold="95"/>
					<empty name="tr_level" img-x="840" img-y="425" minthresold="5"/>
				</level>
			</targetSilo>	            

			<targetSilo name="s23" plcIndex="22"  page="1">
				<img name="s23" img-x="705" img-y="374"/>
				<level checking="switching" full-is-off-task="false" test = "3"> 
					<full name="tr_level" img-x="780" img-y="360" maxthresold="95"/>
					<empty name="tr_level" img-x="780" img-y="310" minthresold="5"/>
				</level>				
			</targetSilo>	            

			<targetSilo name="s24" plcIndex="23"  page="0" >
				<img name="s24" img-x="810" img-y="219"/>
				<level checking="full-only" name="tr_level" img-x="819" img-y="187"/>		
			</targetSilo>	            

			<targetSilo name="s25" plcIndex="24"  page="0">
				<img name="s25" img-x="855" img-y="219"/>
				<level checking="full-only" name="tr_level" img-x="864" img-y="187"/>		
			</targetSilo>	            
 			
			<targetSilo name="s30" plcIndex="29"  page="1">
				<img name="s30" img-x="1031" img-y="417"/>
				<level checking="full-only" name="tr_level" img-x="1048" img-y="400"/>		
			</targetSilo>	            

			<targetSilo name="s31" plcIndex="30"  page="1">
				<img name="s31" img-x="1075" img-y="417"/>
				<level name="tr_level" checking="full-only" img-x="1092" img-y="400"/>		
			</targetSilo>	            

			<ponderingSilo name="M3" plcIndex="25"  page="0" format="%5.1f" label-x="603" label-y="768"
				empty-limit="1.0" full-limit="1.0" product-admin="true" product-label-x="615" product-label-y="720">
				<level checking="none" />		
				<img name="m3" img-x="615" img-y="230"/>
				<scale type="MS01" name="M26" port="moxa0" address="A" divide="100" max-load="11500" input-format="###q" test="43.0"/>
				<remote-server port="7502"/>
				<!-- remote-client host-address="192.168.0.52" port="7502"/-->		
			</ponderingSilo>	            
 			
			<ponderingSilo name="M2" plcIndex="26" page="0" format="%5.1f" label-x="645" label-y="805"
				empty-limit="1.0" full-limit="1.0" product-admin="true" product-label-x="657" product-label-y="720">
				<level checking="none" />		
				<img name="m2" img-x="657" img-y="230"/>
				<scale type="MS01" name="M28" port="moxa2" address="A" divide="100" max-load="11500" input-format="###q" test="42.0"/>		
				<remote-server port="7501"/>
                <!-- remote-client host-address="192.168.0.52" port="7501"/-->	
			</ponderingSilo>	            

			<ponderingSilo name="M1" plcIndex="27" page="0" format="%5.1f" label-x="690" label-y="768"
				empty-limit="1.0" full-limit="1.0" product-admin="true" product-label-x="699" product-label-y="720">
				<level checking="none" />		
				<img name="m1" img-x="699" img-y="230"/>
				<scale type="MS01" name="M29" port="moxa3" address="A" divide="100"	max-load="11500" input-format="###q" test="41.0"/>	
				<remote-server port="7500"/>
                <!-- remote-client host-address="192.168.0.52" port="7500"/-->	
			</ponderingSilo>	            

			<ponderingSilo name="M4" plcIndex="28" page="0" format="%5.1f" label-x="732" label-y="805"
				empty-limit="1.0" full-limit="1.0" product-admin="true" product-label-x="742" product-label-y="720">
				<level checking="none" />		
				<img name="m4" img-x="742" img-y="230"/>
				<scale type="MS01" name="M27" port="moxa1" address="A" divide="100"	max-load="11500" input-format="###q" test="44.0"/>		
				<remote-server port="7503"/>
                <!-- remote-client host-address="192.168.0.52" port="7503"/-->	
			</ponderingSilo>	            

			<redler name="1" plcIndex="31" page="0">
				 <variableSpeed mode="modbusPlc" frequenceStep="0.025"
						relativeToMinFrequence="true" minFrequence="10" maxFrequence="50" />
				<img name="1" img-x="147" img-y="307" />  
				<slider index="0"/>
			</redler>

			<redler name="2" plcIndex="32" page="0">
				 <variableSpeed mode="modbusPlc" frequenceStep="0.025"
						relativeToMinFrequence="true" minFrequence="10" maxFrequence="50" />
				<img name="2" img-x="221" img-y="288" />  
				<slider index="0"/>
			</redler>

			<redler name="3" plcIndex="33" page="0">
				 <variableSpeed mode="modbusPlc" frequenceStep="0.025"
						relativeToMinFrequence="true" minFrequence="10" maxFrequence="50" />
				<img name="3" img-x="262" img-y="288" />  
				<slider index="0"/>
			</redler>

			<redler name="4" plcIndex="34" page="0">
				 <variableSpeed mode="modbusPlc" frequenceStep="0.025"
						relativeToMinFrequence="true" minFrequence="10" maxFrequence="50" />
				<img name="4" img-x="302" img-y="288" />  
				<slider index="0"/>
			</redler>

			<redler name="5" plcIndex="35" page="0">
				 <variableSpeed mode="modbusPlc" frequenceStep="0.025"
						relativeToMinFrequence="true" minFrequence="10" maxFrequence="50" />
				<img name="5" img-x="342" img-y="288"/>  
				<slider index="0"/>
			</redler>

			<redler name="6" plcIndex="36" page="0">
				 <variableSpeed mode="modbusPlc" frequenceStep="0.025"
						relativeToMinFrequence="true" minFrequence="10" maxFrequence="50" />
				<img name="6" img-x="382" img-y="288"/>  
				<slider index="0"/>
			</redler>

			<redler name="7" plcIndex="37" page="0">
				 <variableSpeed mode="modbusPlc" frequenceStep="0.025"
						relativeToMinFrequence="true" minFrequence="10" maxFrequence="50" />
				<img name="7" img-x="422" img-y="303" />  
				<slider index="0"/>
			</redler>

			<redler name="8" plcIndex="38" page="0">
				 <variableSpeed mode="modbusPlc" frequenceStep="0.025"
						relativeToMinFrequence="true" minFrequence="10" maxFrequence="50" />
				<img name="8" img-x="1036" img-y="316" />  
				<slider index="1"/>
			</redler>

			<redler name="9" plcIndex="39" page="0">
				 <variableSpeed mode="modbusPlc" frequenceStep="0.025"
						relativeToMinFrequence="true" minFrequence="10" maxFrequence="50" />
				<img name="9" img-x="1075" img-y="316" />  
				<slider index="1"/>
			</redler>

			<redler name="10" plcIndex="40" page="0">
				 <variableSpeed mode="modbusPlc" frequenceStep="0.025"
						relativeToMinFrequence="true" minFrequence="10" maxFrequence="50" />
				<img name="10" img-x="1115" img-y="316" />  
				<slider index="1"/>
			</redler>

			<redler name="11" plcIndex="41" page="0">
				 <variableSpeed mode="modbusPlc" frequenceStep="0.025"
						relativeToMinFrequence="true" minFrequence="10" maxFrequence="50" />
				<img name="11" img-x="1155" img-y="316" />  
				<slider index="1"/>
			</redler>

			<redler name="12" plcIndex="42" page="0">
				 <variableSpeed mode="modbusPlc" frequenceStep="0.025"
						relativeToMinFrequence="true" minFrequence="10" maxFrequence="50" />
				<img name="12" img-x="1194" img-y="316" />  
				<slider index="1"/>
			</redler>

			<redler name="13" plcIndex="43" page="0">
				 <variableSpeed mode="modbusPlc" frequenceStep="0.025"
						relativeToMinFrequence="true" minFrequence="10" maxFrequence="50" />
				<img name="13" img-x="1234" img-y="316" />  
				<slider index="1"/>
			</redler>

			<redler name="14" plcIndex="44" page="0">
				 <variableSpeed mode="modbusPlc" frequenceStep="0.025"
						relativeToMinFrequence="true" minFrequence="10" maxFrequence="50" />
				<img name="14" img-x="1274" img-y="332" />  
				<slider index="1"/>
			</redler>
			
			<redler name="15" plcIndex="45" page="1">
				 <variableSpeed mode="modbusPlc" frequenceStep="0.025"
						relativeToMinFrequence="true" minFrequence="10" maxFrequence="50" />
				<img name="15" img-x="147" img-y="285" />  
			</redler>
						
			<redler name="17" plcIndex="47" page="1">
				 <variableSpeed mode="modbusPlc" frequenceStep="0.025"
						relativeToMinFrequence="true" minFrequence="10" maxFrequence="50" />
				<img name="17" img-x="258" img-y="264" />  
			</redler>
			
			<redler name="19" plcIndex="49" page="1">
				 <variableSpeed mode="modbusPlc" frequenceStep="0.025"
						relativeToMinFrequence="true" minFrequence="10" maxFrequence="50" />
				<img name="19" img-x="341" img-y="266" />  
			</redler>
			
			<redler name="20" plcIndex="50" page="1">
				 <variableSpeed mode="modbusPlc" frequenceStep="0.025"
						relativeToMinFrequence="true" minFrequence="10" maxFrequence="50" />
				<img name="20" img-x="381" img-y="284" />  
			</redler>
						
			<redler name="21" plcIndex="51" page="0">
				<img name="21" img-x="169" img-y="231" />  
			</redler>

			<redler name="22" plcIndex="52" page="0">
				<img name="22" img-x="352" img-y="251" />  
			</redler>
			
			<redler name="23" plcIndex="53" page="0">
				<img name="23" img-x="1183" img-y="276" />  
			</redler>
		
			<redler name="24" plcIndex="54" page="0">
				<img name="24" img-x="990" img-y="252" />  
			</redler>
		
			<redler name="25" plcIndex="55" page="0">
				<img name="25" img-x="145" img-y="252" />  
			</redler>
			
			<redler name="26" plcIndex="56" page="1">
				<img name="26" img-x="132" img-y="248" />  
			</redler>
			
			<redler name="32" plcIndex="62" page="0">
				<img name="32" img-x="634" img-y="666" />  
			</redler>

			<redler name="34" plcIndex="65" page="0">
				<img name="34" img-x="748" img-y="518" />  
			</redler>

			<redler name="35.1" plcIndex="66" page="0">
				<img name="35.1" img-x="174" img-y="649" />  
			</redler>
			
			<redler name="35.2" plcIndex="67" page="0">
				<img name="35.2" img-x="379" img-y="599" />  
			</redler>

			<redler name="36.1" plcIndex="68" page="0">
				<img name="36.1" img-x="1031" img-y="671" />  
			</redler>

			<redler name="36.2" plcIndex="69" page="0">
				<img name="36.2" img-x="1199" img-y="628" />  
			</redler>

			<redler name="37" plcIndex="70" page="1">
				<img name="37" img-x="817" img-y="504" />  
			</redler>

			<redler name="52" plcIndex="88" page="1">
				<img name="52" img-x="1030" img-y="270" />  
			</redler>

			<redler name="53" plcIndex="89" page="1">
				<img name="53" img-x="1084" img-y="284" />  
			</redler>

			<redler name="54" plcIndex="90" page="1">
				<img name="54" img-x="657" img-y="522" />  
			</redler>

			<elevator name="27" plcIndex="57"  page="0">
				<img name="27" img-x="502" img-y="842"/>
			</elevator>	
			
			<elevator name="28" plcIndex="58"  page="0">
				<img name="28" img-x="896" img-y="842"/>
			</elevator>	
			
			<elevator name="29" plcIndex="59"  page="0">
				<img name="29" img-x="50" img-y="843"/>
			</elevator>	
			
			<elevator name="30" plcIndex="60"  page="1">
				<img name="30" img-x="558" img-y="842"/>
			</elevator>
				
			<elevator name="31" plcIndex="61"  page="1">
				<img name="31" img-x="454" img-y="842"/>
			</elevator>
						
			<elevator name="49" plcIndex="91" page="0" >
				<img name="49a" img-x="633" img-y="264" />
				<img name="49b" img-x="733" img-y="264" />
			</elevator>
			
			<elevator name="50" plcIndex="92" page="0" >
				<img name="50" img-x="680" img-y="264" />
			</elevator>

			<cleaner name="33" plcIndex="63" page="0" hidden="true">
				<img name="33" img-x="730" img-y="590" />  
			</cleaner>

			<cleaner  name="38" plcIndex="71"  page="0" hidden="true">
			 	<img name="38" img-x="594" img-y="590"/>
			</cleaner>

			<cleaner  name="39" plcIndex="72"  page="0" hidden="true">
			 	<img name="39" img-x="594" img-y="478"/>
			</cleaner>

			<mplexer name="27.1" plcIndex="73" page="0" maxDirection="2" subType="0">
				<img name="27.1" img-x="592" img-y="752" />
			</mplexer> 

			<mplexer name="27.2" plcIndex="74" page="0" maxDirection="2" subType="0">
				<img name="27.2" img-x="592" img-y="708" />
			</mplexer> 

			<mplexer name="28.1" plcIndex="75" page="0" maxDirection="2" subType="0">
				<img name="28.1" img-x="801" img-y="742" />
			</mplexer> 

			<mplexer name="28.2" plcIndex="76" page="0" maxDirection="2" subType="0">
				<img name="28.2" img-x="801" img-y="710" />
			</mplexer> 
			
			<mplexer name="30.1" plcIndex="78" page="1" maxDirection="2" subType="0">
				<img name="30.1" img-x="652" img-y="748" />
			</mplexer> 
			
			<mplexer name="30.2" plcIndex="79" page="1" maxDirection="2" subType="0">
				<img name="30.2" img-x="647" img-y="716" />
			</mplexer> 
				
			<mplexer name="31.1" plcIndex="80" page="1" maxDirection="2" subType="0">
				<img name="31.1" img-x="341" img-y="741" />
			</mplexer> 
			
			<mplexer name="31.2" plcIndex="81" page="1" maxDirection="2" subType="0">
				<img name="31.2" img-x="323" img-y="691" />
			</mplexer> 

			<mplexer name="40" plcIndex="82" page="0" maxDirection="2" subType="0">
				<img name="40" img-x="610" img-y="446" />
			</mplexer> 

			<mplexer name="41" plcIndex="83" page="0" maxDirection="2" subType="0">
				<img name="41" img-x="593" img-y="417" />
			</mplexer> 

			<mplexer name="42" plcIndex="84" page="0" maxDirection="2" subType="0">
				<img name="42" img-x="678" img-y="358" />
			</mplexer> 

			<mplexer name="43" plcIndex="85" page="0" maxDirection="2" subType="0">
				<img name="43" img-x="705" img-y="314" />
			</mplexer> 

			<mplexer name="44" plcIndex="86" page="0" maxDirection="2" subType="0">
				<img name="44" img-x="835" img-y="251" />
			</mplexer> 

			<valve name="37.1" plcIndex="87" page="1">
				<img name="37.1" img-x="1015" img-y="452" />
			</valve> 

		</devices>
	
	    <sequences>
			<device name="s1">
		    	    <next>1</next>
			</device>
			
			<device name="s2">
		    	    <next>2</next>
			</device>
			
			<device name="s3">
		    	    <next>3</next>
			</device>
			
			<device name="s4">
		    	    <next>4</next>
			</device>
			
			<device name="s5">
		    	    <next>5</next>
			</device>
			
			<device name="s6">
		    	    <next>6</next>
			</device>
			
			<device name="s7">
		    	    <next>7</next>
			</device>
			
			<device name="s8">
		    	    <next>8</next>
			</device>
			
			<device name="s9">
		    	    <next>9</next>
			</device>
			
			<device name="s10">
		    	    <next>10</next>
			</device>
			
			<device name="s11">
		    	    <next>11</next>
			</device>
			
			<device name="s12">
		    	    <next>12</next>
			</device>
			
			<device name="s13">
		    	    <next>13</next>
			</device>
			
			<device name="s14">
		    	    <next>14</next>
			</device>
	
			<device name="1">
		    	    <next>25</next>
			</device>
			
			<device name="2">
		    	    <next>21</next>
			</device>
	
			<device name="3">
		    	    <next>21</next>
			</device>
	
			<device name="4">
		    	    <next>21</next>
			</device>
	
			<device name="5">
		    	    <next>21</next>
			</device>
	
			<device name="6">
		    	    <next>22</next>
			</device>
	
			<device name="7">
		    	    <next>22</next>
			</device>
	
			<device name="21">
		    	    <next>27</next>
			</device>
	
			<device name="22">
		    	    <next>21</next>
			</device>
	
			<device name="27">
		    	    <next>27.1</next>
			</device>
	
			<device name="27.1">
		    	    <next>35.1</next>
		    	    <next>27.2</next>
			</device>
	
			<device name="27.2">
		    	    <next>38</next>
		    	    <next>32</next>
			</device>
	
			<device name="38">
		    	    <next>39</next>
			</device>
	
			<device name="39">
		    	    <next>40</next>
			</device>
	
			<device name="40">
		    	    <next>41</next>
		    	    <next>44</next>
			</device>
	
			<device name="41">
		    	    <next>M3</next>
		    	    <next>42</next>
			</device>
	
			<device name="42">
		    	    <next>M2</next>
		    	    <next>43</next>
			</device>
	
			<device name="43">
		    	    <next>M1</next>
		    	    <next>M4</next>
			</device>
	
			<device name="44">
		    	    <next>s24</next>
		    	    <next>s25</next>
			</device>
	
			<device name="32">
		    	    <next>33</next>
			</device>
	
			<device name="33">
		    	    <next>34</next>
			</device>
	
			<device name="34">
		    	    <next>s22</next>
			</device>
	
			<device name="25">
		    	    <next>29</next>
		    	    <next>21</next> <!-- 2009.01.11 -->
			</device>
	
			<device name="29">
		    	    <next>38</next>
			</device>
	
			<device name="14">
		    	    <next>23</next>
			</device>
	
			<device name="13">
		    	    <next>23</next>
			</device>
	
			<device name="12">
		    	    <next>23</next>
			</device>
	
			<device name="11">
		    	    <next>24</next>
			</device>
	
			<device name="10">
		    	    <next>24</next>
			</device>
	
			<device name="9">
		    	    <next>24</next>
			</device>
	
			<device name="8">
		    	    <next>24</next>
			</device>
	
			<device name="23">
		    	    <next>24</next>
			</device>
	
			<device name="24">
		    	    <next>28</next>
			</device>
	
			<device name="28">
		    	    <next>28.1</next>
			</device>
	
			<device name="28.1">
		    	    <next>28.2</next>
		    	    <next>36.1</next>
			</device>
	
			<device name="28.2">
		    	    <next>32</next>
		    	    <next>38</next>
			</device>

			<device name="36.1">
		    	    <next>s9</next>
		    	    <next>s10</next>
		    	    <next>s11</next>
		    	    <next>s12</next>
		    	    <next>36.2</next>
			</device>
			
			<device name="36.2">
		    	    <next>s13</next>
		    	    <next>s14</next>
			</device>
						
			<device name="35.1">
		    	    <next>s1</next>
		    	    <next>s2</next>
		    	    <next>s3</next>
		    	    <next>s4</next>
		    	    <next>s5</next>
		    	    <next>35.2</next>
			</device>
			
			<device name="35.2">
		    	    <next>s6</next>
		    	    <next>s7</next>
			</device>
						
			<!-- page 1 -->
 			
			<device name="s15">
		    	    <next>15</next>
			</device>
			
			<device name="s17">
		    	    <next>17</next>
			</device>
			
			<device name="s19">
		    	    <next>19</next>
			</device>
			
			<device name="s20">
		    	    <next>20</next>
			</device>
			
			<device name="15">
		    	    <next>26</next>
			</device>
			
			<device name="26">
		    	    <next>30</next>
			</device>
			
			<device name="17">
		    	    <next>30</next>
			</device>
			
			<device name="19">
		    	    <next>31</next>
			</device>
			
			<device name="20">
		    	    <next>31</next>
			</device>
			
			<device name="31">
		    	    <next>31.1</next>
			</device>
			
			<device name="31.1">
		    	    <next>31.2</next>
		    	    <next>37</next>
			</device>
			
			<device name="31.2">
		    	    <next>s19</next>
		    	    <next>54</next>
			</device>
			
			<device name="37">
		    	    <next>37.1</next>
			</device>
			
			<device name="37.1">
		    	    <next>s30</next>
		    	    <next>s31</next>
			</device>
			
			<device name="30">
		    	    <next>30.1</next>
			</device>
			
			<device name="30.1">
		    	    <next>30.2</next> <!-- left -->
		    	    <next>37</next>   <!-- right -->
			</device>
			
			<device name="30.2">
		    	    <next>s17</next>
		    	    <next>54</next>
			</device>

			<device name="54">
		    	    <next>s23</next>
			</device>

	    </sequences>
		
	
	    <tasks>
			<task name ="BL55" readBase="405" index="0" max-sources="2" checked="false">
				<source>s1</source>
				<source>s2</source>
				<source>s3</source>
				<source>s4</source>
				<source>s5</source>
				<source>s6</source>
				<source>s7</source>
			</task>
			
			<task name="BL80" readBase="406" index="1" max-sources="2" checked="false">
				<source>s8</source>
				<source>s9</source>
				<source>s10</source>
				<source>s11</source>
				<source>s12</source>
				<source>s13</source>
				<source>s14</source>
				
			</task>
			
			<task name="TL50" readBase="407" index="2" checked="true" max-sources="1">
				<source>s1</source>
			</task>
			
			<task name="Tak.liszt" readBase="408" index="3" checked="false">
				<source>s15</source>
				<source>s17</source>
			</task>
			
			<task name="Korpa" readBase="409" index="4" checked="false">	
				<source>s19</source>
				<source>s20</source>
			</task>
			
			<task name="Kever" readBase="410" index="5" checked="false" checkProduct="false">	
				<source>s1</source>
				<source>s2</source>
				<source>s3</source>
				<source>s4</source>
				<source>s5</source>
				<source>s6</source>
				<source>s7</source>
				<source>s8</source>
				<source>s9</source>
				<source>s10</source>
				<source>s11</source>
				<source>s12</source>
				<source>s13</source>
				<source>s14</source>
			</task>
			
	    </tasks>
	
	</configuration>
</root>
